{"cameraMode":{"drawMode":0,"name":"Shaded","section":"Shading Mode"},"sceneLighting":false,"audioPlay":false,"sceneViewState":{"showFog":true,"showMaterialUpdate":false,"showSkybox":false,"showFlares":true,"showImageEffects":true,"showParticleSystems":true},"in2DMode":false,"pivot":{"x":-0.7202497720718384,"y":0.07535231113433838,"z":0.1854095458984375},"rotation":{"x":-0.22258944809436799,"y":-0.42224904894828799,"z":0.10777079313993454,"w":-0.8721011281013489},"size":2.857893943786621,"orthographic":false}