{"cameraMode":{"drawMode":0,"name":"Shaded","section":"Shading Mode"},"sceneLighting":false,"audioPlay":false,"sceneViewState":{"showFog":true,"showMaterialUpdate":false,"showSkybox":false,"showFlares":true,"showImageEffects":true,"showParticleSystems":true},"in2DMode":false,"pivot":{"x":-1.3237383365631104,"y":1.5993069410324097,"z":-0.4499504566192627},"rotation":{"x":0.4420284032821655,"y":0.37457820773124697,"z":-0.21026206016540528,"w":0.7874652743339539},"size":2.8578836917877199,"orthographic":false}