{"cameraMode":{"drawMode":0,"name":"Shaded","section":"Shading Mode"},"sceneLighting":false,"audioPlay":false,"sceneViewState":{"showFog":true,"showMaterialUpdate":false,"showSkybox":false,"showFlares":true,"showImageEffects":true,"showParticleSystems":true},"in2DMode":false,"pivot":{"x":0.05360301956534386,"y":1.1334528923034669,"z":-0.15645812451839448},"rotation":{"x":-0.5584567189216614,"y":-0.212284117937088,"z":0.15080367028713227,"w":-0.7876558899879456},"size":2.8578836917877199,"orthographic":false}