{"cameraMode":{"drawMode":0,"name":"Shaded","section":"Shading Mode"},"sceneLighting":false,"audioPlay":false,"sceneViewState":{"showFog":true,"showMaterialUpdate":false,"showSkybox":false,"showFlares":true,"showImageEffects":true,"showParticleSystems":true},"in2DMode":false,"pivot":{"x":0.8990033268928528,"y":0.3196057975292206,"z":-0.2902514338493347},"rotation":{"x":0.562298059463501,"y":0.10717864334583283,"z":-0.07380228489637375,"w":0.8166428804397583},"size":4.041658401489258,"orthographic":false}