{"cameraMode":{"drawMode":0,"name":"Shaded","section":"Shading Mode"},"sceneLighting":true,"audioPlay":false,"sceneViewState":{"showFog":true,"showMaterialUpdate":false,"showSkybox":true,"showFlares":true,"showImageEffects":true,"showParticleSystems":true},"in2DMode":false,"pivot":{"x":620.552734375,"y":630.6882934570313,"z":-15.34134578704834},"rotation":{"x":0.4390140473842621,"y":-0.0013468683464452625,"z":0.0006604268564842641,"w":0.898482620716095},"size":268.6005554199219,"orthographic":false}