{"cameraMode":{"drawMode":0,"name":"Shaded","section":"Shading Mode"},"sceneLighting":false,"audioPlay":false,"sceneViewState":{"showFog":true,"showMaterialUpdate":false,"showSkybox":false,"showFlares":true,"showImageEffects":true,"showParticleSystems":true},"in2DMode":false,"pivot":{"x":1.2861995697021485,"y":-0.07948802411556244,"z":-0.6246906518936157},"rotation":{"x":-0.17060913145542146,"y":-0.6185693144798279,"z":0.1401042938232422,"w":-0.7541113495826721},"size":5.906363487243652,"orthographic":false}